{
  "active_frac_max": 0.0653524544024188,
  "active_frac_mean": 0.0017029055662868258,
  "band_high_max": 0.12176192974067981,
  "band_high_mean": 0.020278606472402122,
  "band_low_max": 0.06344275162365838,
  "band_low_mean": 0.0060692768909913625,
  "band_mid_max": 0.019729638726533483,
  "band_mid_mean": 0.012720256565666449,
  "centroid_hz_max": 0.003915738506499761,
  "centroid_hz_mean": 0.004412244839319702,
  "clipping_ratio_max": 0.03940707871102533,
  "clipping_ratio_mean": 0.12125024058101741,
  "flatness_max": 0.009245461477297191,
  "flatness_mean": 0.02595286221142724,
  "flux_max": 0.20507991412253898,
  "flux_mean": 0.09460994347988472,
  "gate_borderline_frac": 0.0,
  "gate_fail_frac": 0.00010908984064674594,
  "gate_pass_frac": 0.0,
  "rms_max": 0.014761204743685613,
  "rms_mean": 0.13038742870564027,
  "rolloff_hz_max": 0.0010718013280527825,
  "rolloff_hz_mean": 0.002223500001522265,
  "silence_ratio_max": 0.01658920085201226,
  "silence_ratio_mean": 0.008450215217218511,
  "zcr_max": 0.007277769891252396,
  "zcr_mean": 0.004198485502321614
}
