{
  "rms_mean": 0.07195,
  "silence_ratio_mean": 0.007875,
  "clipping_ratio_mean": 0.078997,
  "zcr_mean": 0.002073,
  "flatness_mean": 0.050566,
  "centroid_hz_mean": 0.003002,
  "rolloff_hz_mean": 0.011678,
  "flux_mean": 0.070047,
  "band_low_mean": 0.003834,
  "band_mid_mean": 0.018741,
  "band_high_mean": 0.048423,
  "active_frac_mean": 0.004674,
  "rms_max": 0.070817,
  "silence_ratio_max": 0.010206,
  "clipping_ratio_max": 0.111361,
  "zcr_max": 0.00996,
  "flatness_max": 0.005635,
  "centroid_hz_max": 0.002402,
  "rolloff_hz_max": 0.001621,
  "flux_max": 0.100487,
  "band_low_max": 0.022095,
  "band_mid_max": 0.015842,
  "band_high_max": 0.093797,
  "active_frac_max": 0.020551,
  "gate_pass_frac": 0.146133,
  "gate_borderline_frac": 0.0,
  "gate_fail_frac": 0.017233
}